"id","userId","timestamp","xPos","yPos","isCheating","movementType","riskScore"
"1","1","2025-03-15 14:21:05.223","564","496",,,
"2","1","2025-03-15 14:21:06.703","510","808",,,
"3","1","2025-03-15 14:21:06.122","613","418",,,
"4","1","2025-03-15 14:21:06.411","1458","378",,,
"5","1","2025-03-15 14:21:06.437","433","752",,,
"6","1","2025-03-15 14:21:07.136","1290","567",,,
"7","1","2025-03-15 14:21:06.735","788","639",,,
"8","1","2025-03-15 14:21:06.994","853","458",,,
"9","1","2025-03-15 14:21:07.035","852","218",,,
"10","1","2025-03-15 14:21:07.406","305","678",,,
"11","1","2025-03-15 14:21:07.458","1015","325",,,
"12","1","2025-03-15 14:21:07.17","887","826",,,
"13","1","2025-03-15 14:21:07.136","1454","387",,,
"14","1","2025-03-15 14:21:07.294","979","112",,,
"15","1","2025-03-15 14:21:07.573","533","19",,,
"16","1","2025-03-15 14:21:07.296","477","884",,,
"17","1","2025-03-15 14:21:07.593","370","232",,,
"18","1","2025-03-15 14:21:07.354","1044","140",,,
"19","1","2025-03-15 14:21:07.632","1153","702",,,
"20","1","2025-03-15 14:21:07.442","455","174",,,
"21","1","2025-03-15 14:21:07.703","617","370",,,
"22","1","2025-03-15 14:21:07.478","892","657",,,
"23","1","2025-03-15 14:21:07.675","1048","364",,,
"24","1","2025-03-15 14:21:07.726","401","488",,,
"25","1","2025-03-15 14:21:07.715","1076","116",,,
"26","1","2025-03-15 14:21:07.54","474","50",,,
"27","1","2025-03-15 14:21:07.783","1301","160",,,
"28","1","2025-03-15 14:21:07.784","1354","396",,,
"29","1","2025-03-15 14:21:07.593","1033","790",,,
"30","1","2025-03-15 14:21:07.798","353","408",,,
"31","1","2025-03-15 14:21:07.927","727","177",,,
"32","1","2025-03-15 14:21:07.927","1385","697",,,
"33","1","2025-03-15 14:21:07.946","1496","770",,,
"34","1","2025-03-15 14:21:07.969","601","173",,,
"35","1","2025-03-15 14:21:07.991","1628","689",,,
"36","1","2025-03-15 14:21:08.04","1648","451",,,
"37","1","2025-03-15 14:21:08.099","1698","245",,,
"38","1","2025-03-15 14:21:08.113","1898","621",,,
"39","1","2025-03-15 14:21:08.124","1882","406",,,
"40","1","2025-03-15 14:21:08.136","646","115",,,
"41","1","2025-03-15 14:21:08.266","1597","733",,,
"42","1","2025-03-15 14:21:07.884","1344","472",,,
"43","1","2025-03-15 14:21:08.25","1574","598",,,
"44","1","2025-03-15 14:21:08.306","2041","390",,,
"45","1","2025-03-15 14:21:08.359","1920","314",,,
"46","1","2025-03-15 14:21:08.432","1643","570",,,
"47","1","2025-03-15 14:21:08.461","1370","440",,,
"48","1","2025-03-15 14:21:08.626","1762","124",,,
"49","1","2025-03-15 14:21:08.626","1864","325",,,
"50","1","2025-03-15 14:21:08.789","1331","700",,,
"51","1","2025-03-15 14:21:08.858","1012","599",,,
"52","1","2025-03-15 14:21:08.974","1147","254",,,
"53","1","2025-03-15 14:21:09.075","1445","373",,,
"54","1","2025-03-15 14:21:09.099","634","570",,,
"55","1","2025-03-15 14:21:09.085","1145","680",,,
"56","1","2025-03-15 14:21:09.295","545","134",,,
"57","2","2025-03-15 14:32:45.994","776","517",,,
"58","2","2025-03-15 14:32:46.895","837","423",,,
"59","2","2025-03-15 14:32:47.442","584","537",,,
"60","2","2025-03-15 14:32:44.486","773","486",,,
"61","2","2025-03-15 14:32:45.566","720","372",,,
"62","2","2025-03-15 14:32:43.931","647","187",,,
"63","2","2025-03-15 14:32:44.966","1084","406",,,
"64","2","2025-03-15 14:32:46.455","1101","515",,,
"65","2","2025-03-15 14:32:47.444","692","334",,,
"66","2","2025-03-15 14:32:47.446","565","374",,,
"67","2","2025-03-15 14:32:47.448","604","355",,,
"68","2","2025-03-15 14:32:47.448","1260","400",,,
"69","2","2025-03-15 14:32:47.447","714","265",,,
"70","2","2025-03-15 14:32:47.454","1099","391",,,
"71","2","2025-03-15 14:32:47.449","512","384",,,
"72","2","2025-03-15 14:32:47.455","1194","295",,,
"73","2","2025-03-15 14:32:47.451","991","481",,,
"74","2","2025-03-15 14:32:47.452","1208","382",,,
"75","2","2025-03-15 14:32:47.454","340","324",,,
"76","2","2025-03-15 14:32:47.453","1284","346",,,
"77","2","2025-03-15 14:32:47.455","1331","366",,,
"78","2","2025-03-15 14:32:47.457","753","424",,,
"79","2","2025-03-15 14:32:48.031","1099","542",,,
"80","2","2025-03-15 14:32:48.031","542","573",,,
"81","2","2025-03-15 14:32:48.028","1164","436",,,
"82","2","2025-03-15 14:32:48.032","876","430",,,
"83","2","2025-03-15 14:32:47.459","932","281",,,
"84","2","2025-03-15 14:32:48.029","1326","410",,,
"85","2","2025-03-15 14:32:48.033","801","434",,,
"86","2","2025-03-15 14:32:48.034","832","405",,,
"87","2","2025-03-15 14:32:48.035","505","545",,,
"88","2","2025-03-15 14:32:48.037","511","380",,,
"89","2","2025-03-15 14:32:48.036","490","392",,,
"90","2","2025-03-15 14:32:48.038","1150","454",,,
"91","2","2025-03-15 14:32:48.039","826","394",,,
"92","2","2025-03-15 14:32:48.042","1083","532",,,
"93","2","2025-03-15 14:32:48.04","965","685",,,
"94","2","2025-03-15 14:32:48.044","1163","614",,,
"95","2","2025-03-15 14:32:48.041","426","374",,,
"96","2","2025-03-15 14:32:48.044","806","286",,,
"97","2","2025-03-15 14:32:48.483","737","470",,,
"98","2","2025-03-15 14:32:48.38","792","405",,,
"99","2","2025-03-15 14:32:48.484","801","408",,,
"100","2","2025-03-15 14:32:48.482","564","529",,,
"101","2","2025-03-15 14:32:48.487","1050","762",,,
"102","2","2025-03-15 14:32:48.488","1207","387",,,
"103","2","2025-03-15 14:32:48.489","864","403",,,
"104","2","2025-03-15 14:32:48.49","470","559",,,
"105","2","2025-03-15 14:32:48.49","891","310",,,
"106","2","2025-03-15 14:32:48.491","1192","526",,,
"107","2","2025-03-15 14:32:48.492","1135","615",,,
"108","2","2025-03-15 14:32:48.493","1333","638",,,
"109","2","2025-03-15 14:32:48.493","615","551",,,
"110","2","2025-03-15 14:32:48.496","998","370",,,
"111","2","2025-03-15 14:32:48.497","1122","509",,,
"112","2","2025-03-15 14:32:48.498","831","742",,,
"113","2","2025-03-15 14:32:48.721","803","234",,,
"114","2","2025-03-15 14:32:48.494","867","454",,,
"115","2","2025-03-15 14:32:48.816","867","204",,,
"116","2","2025-03-15 14:32:48.845","1105","568",,,
"117","2","2025-03-15 14:33:15.95","1237","6",,,
"118","2","2025-03-15 14:33:16.048","1022","250",,,
"119","2","2025-03-15 14:33:16.08","1112","178",,,
"120","2","2025-03-15 14:33:16.081","952","300",,,
"121","2","2025-03-15 14:33:16.11","906","333",,,
"122","2","2025-03-15 14:33:16.205","853","367",,,
"123","2","2025-03-15 14:33:16.206","882","347",,,
"124","2","2025-03-15 14:33:16.208","847","392",,,
"125","2","2025-03-15 14:33:16.264","1107","286",,,
"126","2","2025-03-15 14:33:16.21","892","422",,,
"127","2","2025-03-15 14:33:16.482","898","421",,,
"128","2","2025-03-15 14:33:16.483","959","174",,,
"129","2","2025-03-15 14:33:16.609","775","156",,,
"130","2","2025-03-15 14:33:16.611","877","526",,,
"131","2","2025-03-15 14:33:16.637","725","371",,,
"132","2","2025-03-15 14:33:16.731","878","459",,,
"133","2","2025-03-15 14:33:16.803","902","409",,,
"134","2","2025-03-15 14:33:16.824","905","433",,,
"135","2","2025-03-15 14:33:18.166","1159","314",,,
"136","2","2025-03-15 14:33:18.197","871","548",,,
"137","2","2025-03-15 14:33:18.293","1194","61",,,
"138","2","2025-03-15 14:33:18.514","1137","7",,,
"139","2","2025-03-15 14:33:18.607","1068","286",,,
"140","2","2025-03-15 14:33:18.611","1042","470",,,
"141","2","2025-03-15 14:33:18.645","1039","493",,,
"142","2","2025-03-15 14:33:18.697","1032","512",,,
"143","2","2025-03-15 14:33:19.118","1044","510",,,
"144","2","2025-03-15 14:33:19.179","1216","382",,,
"145","2","2025-03-15 14:33:19.696","1226","370",,,
"146","2","2025-03-15 14:33:19.761","1246","298",,,
"147","2","2025-03-15 14:33:19.791","1277","187",,,
"148","2","2025-03-15 14:33:20.056","1274","148",,,
"149","2","2025-03-15 14:33:20.097","1261","104",,,
"150","2","2025-03-15 14:33:22.071","1343","8",,,
"151","2","2025-03-15 14:33:22.072","1339","187",,,
"152","2","2025-03-15 14:33:22.167","1349","278",,,
"153","2","2025-03-15 14:33:22.227","1326","332",,,
"154","2","2025-03-15 14:33:22.289","1287","369",,,
"155","2","2025-03-15 14:33:22.321","1255","406",,,
"156","2","2025-03-15 14:33:22.415","1214","423",,,
"157","2","2025-03-15 14:33:22.382","1243","419",,,
"158","2","2025-03-15 14:33:22.478","1169","448",,,
"159","2","2025-03-15 14:33:22.51","1128","467",,,
"160","2","2025-03-15 14:33:22.573","1105","472",,,
"161","2","2025-03-15 14:33:22.636","1073","469",,,
"162","2","2025-03-15 14:33:22.697","1058","470",,,
"163","2","2025-03-15 14:33:22.852","1051","469",,,
"164","2","2025-03-15 14:33:22.916","1032","462",,,
"165","2","2025-03-15 14:33:23.012","1026","462",,,
"166","2","2025-03-15 14:33:27.697","1120","394",,,
"167","2","2025-03-15 14:33:27.698","1031","448",,,
"168","2","2025-03-15 14:33:27.792","1145","380",,,
"169","2","2025-03-15 14:33:27.854","1147","465",,,
"170","2","2025-03-15 14:33:27.887","1163","542",,,
"171","2","2025-03-15 14:33:28.077","1256","359",,,
"172","2","2025-03-15 14:33:28.084","1328","85",,,
"173","2","2025-03-15 14:33:28.08","1170","540",,,
"174","2","2025-03-15 14:33:28.632","984","8",,,
"175","2","2025-03-15 14:33:28.704","955","13",,,
"176","2","2025-03-15 15:04:20.419","812","439",,,
"177","2","2025-03-15 15:04:20.538","372","279",,,
"178","2","2025-03-15 15:04:20.693","575","360",,,
"179","2","2025-03-15 15:04:20.758","347","246",,,
"180","2","2025-03-15 15:04:20.759","742","240",,,
"181","2","2025-03-15 15:04:20.762","705","205",,,
"182","2","2025-03-15 15:04:20.82","341","252",,,
"183","2","2025-03-15 15:04:20.883","760","259",,,
"184","2","2025-03-15 15:04:21.203","545","182",,,
"185","2","2025-03-15 15:04:21.228","496","192",,,
"186","2","2025-03-15 15:04:20.947","362","239",,,
"187","2","2025-03-15 15:04:20.946","341","258",,,
"188","2","2025-03-15 15:04:21.287","661","174",,,
"189","2","2025-03-15 15:04:21.012","396","226",,,
"190","2","2025-03-15 15:04:21.133","444","206",,,
"191","2","2025-03-15 15:04:21.164","647","174",,,
"192","2","2025-03-15 15:04:21.199","610","174",,,
"193","2","2025-03-15 15:04:22.336","697","198",,,
"194","2","2025-03-15 15:04:22.519","672","180",,,
"195","2","2025-03-15 15:04:24.175","767","246",,,
"196","2","2025-03-15 15:04:24.236","780","205",,,
"197","2","2025-03-15 15:04:24.287","788","142",,,
"198","2","2025-03-15 15:04:24.442","789","110",,,
"199","2","2025-03-15 15:04:24.473","781","109",,,
"200","2","2025-03-15 15:04:24.535","753","107",,,
"201","2","2025-03-15 15:04:24.569","681","93",,,
"202","2","2025-03-15 15:04:24.645","610","84",,,
"203","2","2025-03-15 15:04:24.675","501","80",,,
"204","2","2025-03-15 15:04:24.377","789","116",,,
"205","2","2025-03-15 15:04:24.767","396","84",,,
"206","2","2025-03-15 15:04:24.831","343","86",,,
"207","2","2025-03-15 15:04:24.866","323","82",,,
"208","2","2025-03-15 15:04:24.996","272","53",,,
"209","2","2025-03-15 15:04:25.314","71","0",,,
"210","3","2025-03-15 15:05:01.473","916","94",,,
"211","3","2025-03-15 15:05:01.537","856","180",,,
"212","3","2025-03-15 15:05:01.613","765","276",,,
"213","3","2025-03-15 15:05:01.792","754","286",,,
"214","3","2025-03-15 15:05:01.863","848","287",,,
"215","3","2025-03-15 15:05:01.885","792","287",,,
"216","3","2025-03-15 15:05:01.924","903","271",,,
"217","3","2025-03-15 15:05:02.044","978","239",,,
"218","3","2025-03-15 15:05:02.053","1036","217",,,
"219","3","2025-03-15 15:05:02.186","1055","209",,,
"220","3","2025-03-15 15:05:02.287","1215","543",,,
"221","3","2025-03-15 15:05:02.291","1019","222",,,
"222","3","2025-03-15 15:05:02.344","980","248",,,
"223","3","2025-03-15 15:05:02.373","798","510",,,
"224","3","2025-03-15 15:05:02.404","894","360",,,
"225","3","2025-03-15 15:05:02.375","572","420",,,
"226","3","2025-03-15 15:05:02.433","848","344",,,
"227","3","2025-03-15 15:05:02.529","744","581",,,
"228","3","2025-03-15 15:05:02.564","788","617",,,
"229","3","2025-03-15 15:05:02.566","1109","687",,,
"230","3","2025-03-15 15:05:02.605","992","432",,,
"231","3","2025-03-15 15:05:02.763","644","449",,,
"232","3","2025-03-15 15:05:02.669","823","253",,,
"233","3","2025-03-15 15:05:02.701","557","335",,,
"234","3","2025-03-15 15:05:02.795","786","310",,,
"235","3","2025-03-15 15:05:02.916","682","277",,,
"236","3","2025-03-15 15:05:03.015","633","428",,,
"237","3","2025-03-15 15:05:03.021","774","483",,,
"238","3","2025-03-15 15:05:03.169","883","462",,,
"239","3","2025-03-15 15:06:21.331","892","441",,,
"240","3","2025-03-15 15:06:21.364","901","390",,,
"241","3","2025-03-15 15:06:46.974","1058","18",,,
"242","3","2025-03-15 15:06:46.973","889","229",,,
"243","3","2025-03-15 15:06:47.036","814","315",,,
"244","3","2025-03-15 15:06:47.13","799","326",,,
"245","3","2025-03-15 15:06:47.238","793","327",,,
"246","3","2025-03-15 15:06:48.632","786","332",,,
"247","3","2025-03-15 15:06:48.656","767","339",,,
"248","3","2025-03-15 15:06:48.744","713","333",,,
"249","3","2025-03-15 15:06:48.781","483","286",,,
"250","3","2025-03-15 15:06:48.845","432","262",,,
"251","3","2025-03-15 15:06:49.264","437","250",,,
"252","3","2025-03-15 15:06:49.704","473","24",,,
"253","3","2025-03-15 15:07:40.911","883","342",,,
"254","3","2025-03-15 15:07:41.128","912","8",,,
"255","3","2025-03-15 15:07:41.16","875","238",,,
"256","3","2025-03-15 15:07:41.221","875","309",,,
"257","3","2025-03-15 15:07:41.332","896","349",,,
"258","3","2025-03-15 15:07:41.394","932","366",,,
"259","3","2025-03-15 15:07:41.458","940","377",,,
"260","3","2025-03-15 15:07:41.713","948","374",,,
"261","3","2025-03-15 15:07:42.099","933","372",,,
"262","3","2025-03-15 15:07:42.408","852","384",,,
"263","3","2025-03-15 15:07:42.44","852","390",,,
"264","3","2025-03-15 15:07:42.567","848","374",,,
"265","3","2025-03-15 15:07:42.599","862","324",,,
"266","3","2025-03-15 15:07:42.662","930","266",,,
"267","3","2025-03-15 15:07:42.724","808","186",,,
"268","3","2025-03-15 15:07:42.753","343","169",,,
"269","3","2025-03-15 15:07:42.815","287","182",,,
"270","3","2025-03-15 15:07:43.273","501","232",,,
"271","3","2025-03-15 15:07:43.269","324","242",,,
"272","3","2025-03-15 15:07:43.303","939","426",,,
"273","3","2025-03-15 15:07:43.366","917","142",,,
"274","3","2025-03-15 15:07:43.368","802","172",,,
"275","3","2025-03-15 15:07:43.425","664","165",,,
"276","3","2025-03-15 15:07:43.458","811","182",,,
"277","3","2025-03-15 15:07:43.487","488","303",,,
"278","3","2025-03-15 15:07:43.528","654","357",,,
"279","3","2025-03-15 15:07:43.529","712","348",,,
"280","3","2025-03-15 15:07:43.585","789","469",,,
"281","3","2025-03-15 15:07:43.615","1021","238",,,
"282","3","2025-03-15 15:07:43.617","1019","183",,,
"283","3","2025-03-15 15:07:43.71","744","200",,,
"284","3","2025-03-15 15:07:43.711","968","215",,,
"285","3","2025-03-15 15:07:43.802","677","288",,,
"286","3","2025-03-15 15:07:43.832","783","313",,,
"287","3","2025-03-15 15:07:43.898","962","251",,,
"288","3","2025-03-15 15:07:43.978","942","216",,,
"289","3","2025-03-15 15:07:43.98","634","244",,,
"290","3","2025-03-15 15:07:44.065","521","414",,,
"291","3","2025-03-15 15:07:44.208","766","452",,,
"292","3","2025-03-15 15:07:44.269","986","299",,,
"293","3","2025-03-15 15:07:44.332","815","206",,,
"294","3","2025-03-15 15:07:44.393","591","192",,,
"295","3","2025-03-15 15:07:44.453","580","262",,,
"296","3","2025-03-15 15:07:44.517","695","384",,,
"297","3","2025-03-15 15:07:44.658","832","409",,,
"298","3","2025-03-15 15:07:44.695","861","398",,,
"299","3","2025-03-15 15:07:44.693","861","370",,,
"300","3","2025-03-15 15:07:45.037","860","364",,,
"301","3","2025-03-15 15:07:45.225","586","355",,,
"302","3","2025-03-15 15:07:45.255","824","372",,,
"303","3","2025-03-15 15:07:45.258","851","366",,,
"304","3","2025-03-15 15:07:45.314","375","310",,,
"305","3","2025-03-15 15:07:45.378","338","285",,,
"306","3","2025-03-15 15:07:46.504","338","279",,,
"307","3","2025-03-15 15:07:46.568","442","280",,,
"308","3","2025-03-15 15:07:46.628","697","294",,,
"309","3","2025-03-15 15:07:46.69","801","320",,,
"310","3","2025-03-15 15:07:46.751","818","337",,,
"311","3","2025-03-15 15:07:46.786","824","340",,,
"312","3","2025-03-15 15:07:46.892","831","340",,,
"313","3","2025-03-15 15:07:46.927","839","335",,,
"314","3","2025-03-15 15:07:46.988","849","330",,,
"315","3","2025-03-15 15:07:49.083","855","326",,,
"316","3","2025-03-15 15:07:50.953","865","334",,,
"317","3","2025-03-15 15:07:51.027","921","383",,,
"318","3","2025-03-15 15:07:51.057","864","495",,,
"319","3","2025-03-15 15:07:51.089","586","581",,,
"320","3","2025-03-15 15:07:51.152","510","577",,,
"321","3","2025-03-15 15:07:51.212","540","540",,,
"322","3","2025-03-15 15:07:51.337","587","508",,,
"323","3","2025-03-15 15:07:51.339","607","506",,,
"324","3","2025-03-15 15:07:51.433","665","501",,,
"325","3","2025-03-15 15:07:51.525","680","497",,,
"326","3","2025-03-15 15:07:51.587","728","494",,,
"327","3","2025-03-15 15:07:51.651","797","494",,,
"328","3","2025-03-15 15:07:51.733","869","494",,,
"329","3","2025-03-15 15:07:51.813","672","500",,,
"330","3","2025-03-15 15:07:51.844","886","494",,,
"331","3","2025-03-15 15:07:51.934","900","494",,,
"332","3","2025-03-15 15:07:52.031","977","499",,,
"333","3","2025-03-15 15:07:52.076","1039","501",,,
"334","3","2025-03-15 15:07:52.905","1041","486",,,
"335","3","2025-03-15 15:07:52.954","1026","398",,,
"336","3","2025-03-15 15:07:52.955","1008","297",,,
"337","3","2025-03-15 15:07:53.047","1015","232",,,
"338","3","2025-03-15 15:07:53.091","1036","197",,,
"339","3","2025-03-15 15:07:53.201","1040","185",,,
"340","3","2025-03-15 15:07:53.422","1040","175",,,
"341","3","2025-03-15 15:07:53.94","1034","176",,,
"342","3","2025-03-15 15:07:53.969","1007","182",,,
"343","3","2025-03-15 15:07:54.028","818","182",,,
"344","3","2025-03-15 15:07:54.123","502","182",,,
"345","3","2025-03-15 15:07:54.154","398","179",,,
"346","3","2025-03-15 15:07:54.245","397","172",,,
"347","3","2025-03-15 15:07:54.344","401","146",,,
"348","3","2025-03-15 15:07:54.439","403","105",,,
"349","3","2025-03-15 15:07:54.405","403","111",,,
"350","3","2025-03-15 15:07:54.395","404","126",,,
"351","3","2025-03-15 15:07:54.531","413","73",,,
"352","3","2025-03-15 15:07:54.624","416","62",,,
"353","3","2025-03-15 15:07:54.841","425","57",,,
"354","3","2025-03-15 15:07:54.9","502","50",,,
"355","3","2025-03-15 15:07:54.934","584","50",,,
"356","3","2025-03-15 15:07:55.074","594","49",,,
"357","3","2025-03-15 15:07:55.141","603","46",,,
"358","3","2025-03-15 15:07:55.183","660","42",,,
"359","3","2025-03-15 15:07:55.483","668","97",,,
"360","3","2025-03-15 15:07:55.479","672","42",,,
"361","3","2025-03-15 15:07:55.603","622","129",,,
"362","3","2025-03-15 15:07:55.572","651","117",,,
"363","3","2025-03-15 15:07:55.669","575","150",,,
"364","3","2025-03-15 15:07:55.728","543","157",,,
"365","3","2025-03-15 15:07:55.807","518","162",,,
"366","3","2025-03-15 15:07:55.87","500","163",,,
"367","3","2025-03-15 15:07:56.433","513","174",,,
"368","3","2025-03-15 15:07:56.462","769","271",,,
"369","3","2025-03-15 15:07:56.682","926","288",,,
"370","3","2025-03-15 15:07:56.808","1097","245",,,
"371","3","2025-03-15 15:07:56.869","1103","240",,,
"372","3","2025-03-15 15:07:56.901","870","288",,,
"373","3","2025-03-15 15:07:57.027","876","288",,,
"374","3","2025-03-15 15:07:57.119","1038","266",,,
"375","3","2025-03-15 15:07:57.886","1090","239",,,
"376","3","2025-03-15 15:07:57.919","1044","258",,,
"377","3","2025-03-15 15:07:58.011","996","278",,,
"378","3","2025-03-15 15:07:58.166","909","348",,,
"379","3","2025-03-15 15:07:58.167","928","390",,,
"380","3","2025-03-15 15:07:58.479","936","393",,,
"381","3","2025-03-15 15:07:58.073","924","313",,,
"382","3","2025-03-15 15:07:58.732","949","382",,,
"383","3","2025-03-15 15:07:58.98","954","375",,,
"384","3","2025-03-15 15:07:59.02","942","389",,,
"385","3","2025-03-15 15:07:59.026","956","369",,,
"386","3","2025-03-15 15:07:59.726","947","372",,,
"387","3","2025-03-15 15:07:59.739","924","380",,,
"388","3","2025-03-15 15:07:59.823","910","382",,,
"389","3","2025-03-15 15:07:59.86","900","379",,,
"390","3","2025-03-15 15:08:00.405","909","374",,,
"391","3","2025-03-15 15:08:00.438","973","358",,,
"392","3","2025-03-15 15:08:00.514","997","353",,,
"393","3","2025-03-15 15:08:00.73","991","349",,,
"394","3","2025-03-15 15:08:00.894","985","349",,,
"395","3","2025-03-15 15:08:01.433","977","350",,,
"396","3","2025-03-15 15:08:01.496","861","332",,,
"397","3","2025-03-15 15:08:01.558","585","315",,,
"398","3","2025-03-15 15:08:01.621","545","310",,,
"399","3","2025-03-15 15:08:01.656","530","289",,,
"400","3","2025-03-15 15:08:01.715","514","256",,,
"401","3","2025-03-15 15:08:01.794","507","246",,,
"402","3","2025-03-15 15:08:01.842","490","241",,,
"403","3","2025-03-15 15:08:01.936","464","238",,,
"404","3","2025-03-15 15:08:02.176","458","246",,,
"405","3","2025-03-15 15:08:02.327","405","354",,,
"406","3","2025-03-15 15:08:02.682","428","302",,,
"407","3","2025-03-15 15:08:02.714","414","352",,,
"408","3","2025-03-15 15:08:02.775","456","336",,,
"409","3","2025-03-15 15:08:02.808","571","311",,,
"410","3","2025-03-15 15:08:02.869","805","262",,,
"411","3","2025-03-15 15:08:02.933","868","238",,,
"412","3","2025-03-15 15:08:02.934","882","211",,,
"413","3","2025-03-15 15:08:03.022","896","150",,,
"414","3","2025-03-15 15:08:03.115","900","125",,,
"415","3","2025-03-15 15:08:06.592","906","126",,,
"416","3","2025-03-15 15:08:06.918","959","128",,,
"417","3","2025-03-15 15:08:06.922","993","94",,,
"418","3","2025-03-15 15:08:06.989","1000","72",,,
"419","3","2025-03-15 15:08:06.654","956","134",,,
"420","3","2025-03-15 15:08:07.138","970","62",,,
"421","3","2025-03-15 15:08:07.167","944","82",,,
"422","3","2025-03-15 15:08:07.229","749","165",,,
"423","3","2025-03-15 15:08:07.382","756","173",,,
"424","3","2025-03-15 15:08:07.46","747","223",,,
"425","3","2025-03-15 15:08:07.542","779","282",,,
"426","3","2025-03-15 15:08:07.604","794","306",,,
"427","3","2025-03-15 15:08:07.696","1104","269",,,
"428","3","2025-03-15 15:08:07.961","938","303",,,
"429","3","2025-03-15 15:08:08.475","1102","284",,,
"430","3","2025-03-15 15:08:08.506","1049","377",,,
"431","3","2025-03-15 15:08:08.586","1000","465",,,
"432","3","2025-03-15 15:08:08.619","936","517",,,
"433","3","2025-03-15 15:08:08.71","930","518",,,
"434","3","2025-03-15 15:08:08.916","930","512",,,
"435","3","2025-03-15 15:08:09.662","932","504",,,
"436","3","2025-03-15 15:08:14.346","956","457",,,
"437","3","2025-03-15 15:08:14.358","992","413",,,
"438","3","2025-03-15 15:08:14.611","1037","230",,,
"439","3","2025-03-15 15:08:14.677","936","495",,,
"440","3","2025-03-15 15:08:14.766","1032","359",,,
"441","3","2025-03-15 15:08:14.894","1055","315",,,
"442","3","2025-03-15 15:08:14.892","1039","351",,,
"443","3","2025-03-15 15:08:15.021","975","85",,,
"444","3","2025-03-15 15:09:43.544","1048","6",,,
"445","3","2025-03-15 15:09:43.542","826","225",,,
"446","3","2025-03-15 15:09:43.543","899","134",,,
"447","3","2025-03-15 15:09:43.875","776","186",,,
"448","3","2025-03-15 15:09:44.286","197","177",,,
"449","3","2025-03-15 15:09:43.881","708","120",,,
"450","3","2025-03-15 15:09:44.287","116","30",,,
"451","3","2025-03-15 15:09:44.302","226","171",,,
"452","3","2025-03-15 15:09:44.007","795","246",,,
"453","3","2025-03-15 15:09:44.014","802","248",,,
"454","3","2025-03-15 15:09:43.997","533","110",,,
"455","1","2025-03-15 19:34:25.347","1789","590","true","Yes","4"
"456","2","2025-03-16 00:02:47.496","638","816",,,
"457","2","2025-03-16 00:02:48.165","1051","315",,,
"458","2","2025-03-16 00:02:47.812","975","431",,,
"459","2","2025-03-16 00:02:48.766","1347","7",,,
"460","2","2025-03-16 00:02:49.699","1336","61",,,
"461","2","2025-03-16 00:02:49.995","653","790",,,
"462","2","2025-03-16 00:02:49.144","1383","5",,,
"463","2","2025-03-16 00:02:50.036","1251","114",,,
"464","2","2025-03-16 00:02:50.226","1179","136",,,
"465","2","2025-03-16 00:02:50.284","807","447",,,
"466","2","2025-03-16 00:02:50.277","967","322",,,
"467","2","2025-03-16 00:02:50.287","680","726",,,
"468","2","2025-03-16 00:02:50.294","728","578",,,
"469","2","2025-03-16 00:02:50.296","800","456",,,
"470","2","2025-03-16 00:02:50.295","747","554",,,
"471","2","2025-03-16 00:02:50.302","1059","115",,,
"472","2","2025-03-16 00:02:50.295","813","443",,,
"473","2","2025-03-16 00:02:50.303","771","518",,,
"474","2","2025-03-16 00:02:50.303","869","398",,,
"475","2","2025-03-16 00:02:50.303","950","329",,,
"476","2","2025-03-16 00:02:50.304","733","565",,,
"477","2","2025-03-16 00:02:50.307","976","357",,,
"478","2","2025-03-16 00:02:50.333","714","615",,,
"479","2","2025-03-16 00:02:50.462","1019","85",,,
"480","2","2025-03-16 00:02:50.339","788","479",,,
"481","2","2025-03-16 00:02:50.564","1005","47",,,
"482","2","2025-03-16 00:02:50.564","1089","73",,,
"483","2","2025-03-16 00:02:50.565","957","488",,,
"484","2","2025-03-16 00:02:50.564","1042","24",,,
"485","2","2025-03-16 00:02:50.573","1080","13",,,
"486","2","2025-03-16 00:02:50.567","1106","50",,,
"487","2","2025-03-16 00:02:50.571","1112","68",,,
"488","2","2025-03-16 00:02:50.567","1057","45",,,
"489","2","2025-03-16 00:02:50.575","936","511",,,
"490","2","2025-03-16 00:02:50.575","1112","38",,,
"491","2","2025-03-16 00:02:50.575","1108","13",,,
"492","2","2025-03-16 00:02:50.576","1109","29",,,
"493","2","2025-03-16 00:02:50.578","1169","41",,,
"494","2","2025-03-16 00:02:50.695","1331","147",,,
"495","2","2025-03-16 00:02:50.845","1469","18",,,
"496","2","2025-03-16 00:02:50.6","1235","134",,,
"497","2","2025-03-16 00:02:50.613","1261","158",,,
"498","2","2025-03-16 00:02:50.833","1456","55",,,
"499","2","2025-03-16 00:02:50.843","1423","89",,,
"500","2","2025-03-16 00:02:50.58","1103","25",,,
"501","2","2025-03-16 00:03:10.686","1236","21",,,
"502","2","2025-03-16 00:03:10.743","978","225",,,
"503","2","2025-03-16 00:03:11.2","645","433",,,
"504","2","2025-03-16 00:03:11.2","534","478",,,
"505","2","2025-03-16 00:03:18.236","541","483",,,
"506","2","2025-03-16 00:03:18.276","572","489",,,
"507","2","2025-03-16 00:03:18.315","602","500",,,
"508","2","2025-03-16 00:03:18.357","647","515",,,
"509","2","2025-03-16 00:03:18.45","725","540",,,
"510","2","2025-03-16 00:03:18.489","845","590",,,
"511","2","2025-03-16 00:03:18.559","947","661",,,
"512","2","2025-03-16 00:03:18.875","992","710",,,
"513","2","2025-03-16 00:03:18.958","1007","730",,,
"514","2","2025-03-16 00:03:18.994","1066","740",,,
"515","2","2025-03-16 00:03:19.014","1019","736",,,
"516","2","2025-03-16 00:03:19.071","1074","741",,,
"517","2","2025-03-16 00:03:19.081","1029","740",,,
"518","2","2025-03-16 00:03:19.123","1047","740",,,
"519","2","2025-03-16 00:03:19.133","1088","754",,,
"520","2","2025-03-16 00:03:19.205","1059","740",,,
"521","2","2025-03-16 00:03:19.196","1099","766",,,
"522","2","2025-03-16 00:03:19.255","1109","772",,,
"523","2","2025-03-16 00:03:19.829","1118","773",,,
"524","2","2025-03-16 00:03:19.872","1163","768",,,
"525","2","2025-03-16 00:03:19.956","1211","768",,,
"526","2","2025-03-16 00:03:21.167","1220","768",,,
"527","2","2025-03-16 00:03:21.192","1175","724",,,
"528","2","2025-03-16 00:03:21.279","1099","606",,,
"529","2","2025-03-16 00:03:21.373","1056","425",,,
"530","2","2025-03-16 00:03:21.403","1066","310",,,
"531","2","2025-03-16 00:03:21.445","1078","282",,,
"532","2","2025-03-16 00:03:21.76","1082","290",,,
"533","2","2025-03-16 00:03:21.942","1084","298",,,
"534","2","2025-03-16 00:03:22.021","1084","312",,,
"535","2","2025-03-16 00:03:22.121","1084","329",,,
"536","2","2025-03-16 00:03:22.161","1078","383",,,
"537","2","2025-03-16 00:03:22.215","1073","453",,,
"538","2","2025-03-16 00:03:22.322","1070","487",,,
"539","2","2025-03-16 00:03:23.119","1068","494",,,
"540","2","2025-03-16 00:03:23.2","1072","561",,,
"541","2","2025-03-16 00:03:23.238","1076","692",,,
"542","2","2025-03-16 00:03:23.32","1065","798",,,
"543","2","2025-03-16 00:03:23.372","1033","816",,,
"544","2","2025-03-16 00:03:23.442","984","816",,,
"545","2","2025-03-16 00:03:24.315","974","814",,,
"546","2","2025-03-16 00:03:24.356","939","792",,,
"547","2","2025-03-16 00:03:24.398","904","761",,,
"548","2","2025-03-16 00:03:24.485","872","735",,,
"549","2","2025-03-16 00:03:24.556","865","724",,,
"550","2","2025-03-16 00:03:25.045","871","722",,,
"551","2","2025-03-16 00:03:25.11","1025","724",,,
"552","2","2025-03-16 00:03:25.153","1169","724",,,
"553","2","2025-03-16 00:03:25.242","1257","720",,,
"554","2","2025-03-16 00:03:25.616","1252","728",,,
"555","2","2025-03-16 00:03:25.717","1245","738",,,
"556","2","2025-03-16 00:03:25.839","1241","744",,,
"557","2","2025-03-16 00:03:25.892","1234","751",,,
"558","2","2025-03-16 00:03:26.205","1227","758",,,
"559","2","2025-03-16 00:03:27.136","1231","751",,,
"560","2","2025-03-16 00:03:27.235","1278","714",,,
"561","2","2025-03-16 00:03:27.278","1412","578",,,
"562","2","2025-03-16 00:03:27.36","1469","536",,,
"563","2","2025-03-16 00:03:27.446","1469","575",,,
"564","2","2025-03-16 00:03:27.475","1453","663",,,
"565","2","2025-03-16 00:03:27.535","1424","715",,,
"566","2","2025-03-16 00:03:27.737","1368","767",,,
"567","2","2025-03-16 00:03:27.882","1403","746",,,
"568","2","2025-03-16 00:03:27.93","1387","767",,,
"569","2","2025-03-16 00:03:28.036","1345","767",,,
"570","2","2025-03-16 00:03:28.647","1333","764",,,
"571","2","2025-03-16 00:03:28.687","1098","702",,,
"572","2","2025-03-16 00:03:28.757","780","457",,,
"573","2","2025-03-16 00:03:30.283","705","382",,,
"574","2","2025-03-16 00:03:32.397","622","490",,,
"575","2","2025-03-16 00:03:32.397","704","390",,,
"576","2","2025-03-16 00:03:32.397","647","466",,,
"577","2","2025-03-16 00:03:33.996","713","261",,,
"578","2","2025-03-16 00:03:33.841","634","490",,,
"579","2","2025-03-16 00:03:34.13","963","669",,,
"580","2","2025-03-16 00:03:33.881","792","432",,,
"581","2","2025-03-16 00:03:34.209","834","305",,,
"582","2","2025-03-16 00:03:34.269","1029","523",,,
"583","2","2025-03-16 00:03:34.338","632","428",,,
"584","2","2025-03-16 00:03:34.386","905","623",,,
"585","2","2025-03-16 00:03:34.205","1101","657",,,
"586","2","2025-03-16 00:03:34.572","896","529",,,
"587","2","2025-03-16 00:03:34.685","1032","650",,,
"588","2","2025-03-16 00:03:34.745","967","336",,,
"589","2","2025-03-16 00:03:34.806","772","175",,,
"590","2","2025-03-16 00:03:39.019","825","4",,,
"591","2","2025-03-16 00:03:39.019","748","197",,,
"592","9","2025-03-16 08:26:44.364","460","413",,,
"593","9","2025-03-16 08:26:44.59","471","503",,,
"594","9","2025-03-16 08:26:44.814","506","659",,,
"595","9","2025-03-16 08:26:45.177","137","424",,,
"596","9","2025-03-16 08:26:44.909","1180","629",,,
"597","9","2025-03-16 08:26:44.947","964","719",,,
"598","9","2025-03-16 08:26:44.948","1063","690",,,
"599","9","2025-03-16 08:26:45.286","720","233",,,
"600","9","2025-03-16 08:26:45.04","360","908",,,
"601","9","2025-03-16 08:26:45.368","821","380",,,
"602","9","2025-03-16 08:26:45.121","769","686",,,
"603","9","2025-03-16 08:26:45.139","140","898",,,
"604","9","2025-03-16 08:26:45.147","876","735",,,
"605","9","2025-03-16 08:26:45.378","1061","25",,,
"606","9","2025-03-16 08:26:45.169","42","629",,,
"607","9","2025-03-16 08:26:45.406","835","16",,,
"608","9","2025-03-16 08:26:45.436","637","273",,,
"609","9","2025-03-16 08:26:45.492","753","288",,,
"610","9","2025-03-16 08:26:45.23","810","739",,,
"611","9","2025-03-16 08:26:45.266","304","416",,,
"612","9","2025-03-16 08:26:45.506","581","400",,,
"613","9","2025-03-16 08:26:45.341","468","519",,,
"614","9","2025-03-16 08:26:45.563","1042","303",,,
"615","9","2025-03-16 08:26:45.598","1088","356",,,
"616","9","2025-03-16 08:26:45.61","745","546",,,
"617","9","2025-03-16 08:26:45.615","405","525",,,
"618","9","2025-03-16 08:26:45.382","747","258",,,
"619","9","2025-03-16 08:26:45.663","402","419",,,
"620","9","2025-03-16 08:26:45.664","925","629",,,
"621","9","2025-03-16 08:26:45.47","672","190",,,
"622","9","2025-03-16 08:26:45.698","1009","259",,,
"623","9","2025-03-16 08:26:45.709","1152","477",,,
"624","9","2025-03-16 08:26:45.719","647","403",,,
"625","9","2025-03-16 08:26:45.77","643","570",,,
"626","9","2025-03-16 08:26:45.797","584","291",,,
"627","9","2025-03-16 08:26:45.829","782","557",,,
"628","9","2025-03-16 08:26:45.845","754","428",,,
"629","9","2025-03-16 08:26:45.845","728","609",,,
"630","9","2025-03-16 08:26:45.943","984","260",,,
"631","9","2025-03-16 08:26:45.999","1160","403",,,
"632","9","2025-03-16 08:26:46.325","1108","467",,,
"633","9","2025-03-16 08:26:46.398","983","437",,,
"634","9","2025-03-16 08:26:46.477","1016","310",,,
"635","9","2025-03-16 08:26:46.653","1160","462",,,
"636","9","2025-03-16 08:26:46.697","802","510",,,
"637","9","2025-03-16 08:26:46.959","734","434",,,
"638","9","2025-03-16 08:26:54.579","1152","525",,,
"639","9","2025-03-16 08:26:54.642","707","272",,,
"640","9","2025-03-16 08:26:54.709","679","152",,,
"641","9","2025-03-16 08:26:54.765","736","89",,,
"642","9","2025-03-16 08:26:54.811","764","54",,,
"643","9","2025-03-16 08:26:54.889","765","48",,,
"644","9","2025-03-16 08:26:54.941","744","42",,,
"645","9","2025-03-16 08:26:55.019","710","38",,,
"646","9","2025-03-16 08:26:55.334","674","39",,,
"647","9","2025-03-16 08:26:55.412","292","40",,,
"648","9","2025-03-16 08:26:55.448","176","10",,,
"649","9","2025-03-16 08:26:55.516","176","1",,,
"650","9","2025-03-16 08:26:55.64","165","7",,,
"651","9","2025-03-16 08:26:55.697","102","14",,,
"652","9","2025-03-16 08:26:55.766","60","4",,,
"653","3","2025-03-16 08:44:49.606","733","347",,,
"654","3","2025-03-16 08:44:49.868","613","379",,,
"655","3","2025-03-16 08:44:51.465","669","320",,,
"656","3","2025-03-16 08:44:51.293","527","226",,,
"657","3","2025-03-16 08:44:51.325","486","317",,,
"658","3","2025-03-16 08:44:51.329","922","348",,,
"659","3","2025-03-16 08:44:51.331","494","240",,,
"660","3","2025-03-16 08:44:51.332","511","223",,,
"661","3","2025-03-16 08:44:51.339","543","263",,,
"662","3","2025-03-16 08:44:51.431","716","348",,,
"663","3","2025-03-16 08:44:51.451","556","378",,,
"664","3","2025-03-16 08:44:51.464","524","215",,,
"665","3","2025-03-16 08:44:51.454","480","254",,,
"666","3","2025-03-16 08:44:51.464","983","357",,,
"667","3","2025-03-16 08:44:51.465","672","363",,,
"668","3","2025-03-16 08:44:51.476","473","272",,,
"669","3","2025-03-16 08:44:51.471","803","340",,,
"670","3","2025-03-16 08:44:53.093","872","677",,,
"671","3","2025-03-16 08:44:53.293","973","622",,,
"672","3","2025-03-16 08:44:53.352","1219","276",,,
"673","3","2025-03-16 08:44:53.416","1331","80",,,
"674","3","2025-03-16 08:44:53.485","1338","37",,,
"675","3","2025-03-16 08:44:53.225","880","677",,,
"676","3","2025-03-16 08:44:53.824","1327","36",,,
"677","3","2025-03-16 08:44:53.887","1219","30",,,
"678","3","2025-03-16 08:44:53.951","904","1",,,
"679","3","2025-03-16 08:44:54.085","373","16",,,
"680","3","2025-03-16 08:44:54.016","582","4",,,
"681","3","2025-03-16 08:44:54.336","331","27",,,
"682","3","2025-03-16 08:44:54.403","350","18",,,
"683","3","2025-03-16 08:44:54.468","382","2",,,
"684","9","2025-03-16 08:52:40.737","205","16",,,
"685","9","2025-03-16 08:52:40.801","130","74",,,
"686","9","2025-03-16 08:52:40.85","52","8",,,
"687","9","2025-03-16 08:52:40.993","287","204",,,
"688","9","2025-03-16 08:52:40.949","389","287",,,
"689","9","2025-03-16 08:52:41.347","457","225",,,
"690","9","2025-03-16 08:52:41.045","188","7",,,
"691","9","2025-03-16 08:52:41.111","519","0",,,
"692","9","2025-03-16 08:52:41.347","642","240",,,
"693","9","2025-03-16 08:52:41.373","712","244",,,
"694","9","2025-03-16 08:52:41.123","397","290",,,
"695","9","2025-03-16 08:52:41.211","382","250",,,
"696","9","2025-03-16 08:52:41.599","694","241",,,
"697","9","2025-03-16 08:52:41.627","520","159",,,
"698","9","2025-03-16 08:52:41.763","311","69",,,
"699","9","2025-03-16 08:52:41.821","348","80",,,
"700","9","2025-03-16 08:52:42.307","297","67",,,
"701","9","2025-03-16 08:52:42.524","303","70",,,
"702","9","2025-03-16 08:52:42.68","290","63",,,
"703","10","2025-03-16 08:53:06.771","672","541",,,
"704","10","2025-03-16 08:53:06.782","736","552",,,
"705","10","2025-03-16 08:53:06.843","662","536",,,
"706","10","2025-03-16 08:53:07.982","646","527",,,
"707","10","2025-03-16 08:53:08.144","363","331",,,
"708","10","2025-03-16 08:53:08.254","347","314",,,
"709","10","2025-03-16 08:53:08.089","385","336",,,
"710","10","2025-03-16 08:53:08.767","346","279",,,
"711","10","2025-03-16 08:53:09.04","166","242",,,
"712","10","2025-03-16 08:53:09.097","157","235",,,
"713","10","2025-03-16 08:53:09.161","151","230",,,
"714","10","2025-03-16 08:53:08.984","173","243",,,
"715","10","2025-03-16 08:53:09.507","136","218",,,
"716","10","2025-03-16 08:53:09.316","137","224",,,
"717","10","2025-03-16 08:53:08.025","479","394",,,
"718","10","2025-03-16 08:53:10.211","264","312",,,
"719","10","2025-03-16 08:53:10.063","352","278",,,
"720","10","2025-03-16 08:53:10.08","350","323",,,
"721","10","2025-03-16 08:53:10.322","279","375",,,
"722","10","2025-03-16 08:53:10.384","282","406",,,
"723","10","2025-03-16 08:53:10.173","149","218",,,
"724","10","2025-03-16 08:53:10.5","281","429",,,
"725","10","2025-03-16 08:53:10.271","274","331",,,
"726","10","2025-03-16 08:53:10.695","268","276",,,
"727","10","2025-03-16 08:53:10.97","143","226",,,
"728","10","2025-03-16 08:53:10.77","189","246",,,
"729","10","2025-03-16 08:53:10.812","229","266",,,
"730","10","2025-03-16 08:53:11.397","136","212",,,
"731","10","2025-03-16 08:53:11.613","290","450",,,
"732","10","2025-03-16 08:53:11.668","386","527",,,
"733","10","2025-03-16 08:53:11.723","406","538",,,
"734","10","2025-03-16 08:53:11.769","424","546",,,
"735","10","2025-03-16 08:53:12.05","472","589",,,
"736","10","2025-03-16 08:53:12.138","584","661",,,
"737","10","2025-03-16 08:53:12.19","1033","621",,,
"738","10","2025-03-16 08:53:12.474","1197","626",,,
"739","10","2025-03-16 08:53:12.539","1442","733",,,
"740","10","2025-03-16 08:53:12.311","282","422",,,
"741","10","2025-03-16 08:53:13.105","1468","751",,,
"742","10","2025-03-16 08:53:13.159","1443","764",,,
"743","10","2025-03-16 08:53:13.587","1416","755",,,
"744","10","2025-03-16 08:53:13.655","1204","632",,,
"745","10","2025-03-16 08:53:13.704","1104","584",,,
"746","10","2025-03-16 08:53:14.241","1078","577",,,
"747","10","2025-03-16 08:53:14.301","1013","566",,,
"748","10","2025-03-16 08:53:14.382","952","556",,,
"749","10","2025-03-16 08:53:15.1","959","558",,,
"750","10","2025-03-16 08:53:15.176","979","579",,,
"751","10","2025-03-16 08:53:15.228","977","561",,,
"752","10","2025-03-16 08:53:15.312","962","535",,,
"753","10","2025-03-16 08:53:15.569","930","530",,,
"754","10","2025-03-16 08:53:15.618","743","515",,,
"755","10","2025-03-16 08:53:15.671","715","515",,,
"756","10","2025-03-16 08:53:15.73","670","517",,,
"757","10","2025-03-16 08:53:15.971","632","502",,,
"758","10","2025-03-16 08:53:16.047","412","360",,,
"759","10","2025-03-16 08:53:16.089","366","334",,,
"760","10","2025-03-16 08:53:16.16","338","327",,,
"761","10","2025-03-16 08:53:16.258","315","320",,,
"762","10","2025-03-16 08:53:16.308","321","314",,,
"763","10","2025-03-16 08:53:16.379","330","306",,,
"764","10","2025-03-16 08:53:16.445","337","301",,,
"765","10","2025-03-16 08:53:16.803","325","298",,,
"766","10","2025-03-16 08:53:16.872","248","284",,,
"767","10","2025-03-16 08:53:16.921","201","271",,,
"768","10","2025-03-16 08:53:16.98","168","263",,,
"769","10","2025-03-16 08:53:17.022","152","263",,,
"770","10","2025-03-16 08:53:17.152","146","258",,,
"771","10","2025-03-16 08:53:17.235","143","252",,,
"772","10","2025-03-16 08:53:17.738","167","266",,,
"773","10","2025-03-16 08:53:17.779","374","444",,,
"774","10","2025-03-16 08:53:17.798","441","533",,,
"775","10","2025-03-16 08:53:17.947","435","536",,,
"776","10","2025-03-16 08:53:18","424","535",,,
"777","10","2025-03-16 08:53:18.019","418","534",,,
"778","10","2025-03-16 08:53:18.667","451","545",,,
"779","10","2025-03-16 08:53:18.717","774","666",,,
"780","10","2025-03-16 08:53:18.783","935","707",,,
"781","10","2025-03-16 08:53:19.064","1340","800",,,
"782","10","2025-03-16 08:53:19.112","1370","785",,,
"783","10","2025-03-16 08:53:19.16","1388","779",,,
"784","10","2025-03-16 08:53:19.221","1404","778",,,
"785","10","2025-03-16 08:53:19.253","1046","744",,,
"786","10","2025-03-16 08:53:19.814","1382","763",,,
"787","10","2025-03-16 08:53:19.858","1112","640",,,
"788","10","2025-03-16 08:53:19.915","975","611",,,
"789","10","2025-03-16 08:53:20.187","925","588",,,
"790","10","2025-03-16 08:53:20.247","560","446",,,
"791","10","2025-03-16 08:53:20.297","504","409",,,
"792","10","2025-03-16 08:53:20.347","505","378",,,
"793","10","2025-03-16 08:53:20.406","512","367",,,
"794","10","2025-03-16 08:53:20.459","523","366",,,
"795","10","2025-03-16 08:53:20.517","586","360",,,
"796","10","2025-03-16 08:53:20.56","582","347",,,
"797","10","2025-03-16 08:53:20.618","562","331",,,
"798","10","2025-03-16 08:53:20.666","552","330",,,
"799","10","2025-03-16 08:53:20.915","541","324",,,
"800","10","2025-03-16 08:53:20.981","477","281",,,
"801","10","2025-03-16 08:53:21.361","468","280",,,
"802","10","2025-03-16 08:53:21.429","368","226",,,
"803","10","2025-03-16 08:53:21.491","288","202",,,
"804","10","2025-03-16 08:53:21.534","248","190",,,
"805","10","2025-03-16 08:53:21.598","240","190",,,
"806","10","2025-03-16 08:53:21.659","219","192",,,
"807","10","2025-03-16 08:53:21.715","199","193",,,
"808","10","2025-03-16 08:53:21.815","178","191",,,
"809","10","2025-03-16 08:53:21.887","169","189",,,
"810","10","2025-03-16 08:53:21.937","157","186",,,
"811","10","2025-03-16 08:53:21.991","188","191",,,
"812","10","2025-03-16 08:53:22.005","142","179",,,
"813","10","2025-03-16 08:53:22.064","136","176",,,
"814","10","2025-03-16 08:53:22.216","133","170",,,
"815","10","2025-03-16 08:53:22.315","135","164",,,
"816","10","2025-03-16 08:53:22.765","148","173",,,
"817","10","2025-03-16 08:53:22.83","289","322",,,
"818","10","2025-03-16 08:53:22.874","344","412",,,
"819","10","2025-03-16 08:53:22.936","346","426",,,
"820","10","2025-03-16 08:53:22.984","340","524",,,
"821","10","2025-03-16 08:53:23.058","339","532",,,
"822","10","2025-03-16 08:53:23.862","881","609",,,
"823","10","2025-03-16 08:53:23.819","386","531",,,
"824","10","2025-03-16 08:53:24.139","1064","656",,,
"825","10","2025-03-16 08:53:24.188","1303","716",,,
"826","10","2025-03-16 08:53:24.299","1330","721",,,
"827","10","2025-03-16 08:53:24.364","1337","722",,,
"828","10","2025-03-16 08:53:24.421","1343","723",,,
"829","10","2025-03-16 08:53:24.482","1383","750",,,
"830","10","2025-03-16 08:53:24.957","1282","716",,,
"831","10","2025-03-16 08:53:25.024","973","562",,,
"832","10","2025-03-16 08:53:25.085","883","526",,,
"833","10","2025-03-16 08:53:25.769","857","523",,,
"834","10","2025-03-16 08:53:25.826","695","514",,,
"835","10","2025-03-16 08:53:26.084","675","506",,,
"836","10","2025-03-16 08:53:26.779","681","474",,,
"837","10","2025-03-16 08:53:26.86","728","326",,,
"838","10","2025-03-16 08:53:26.905","717","308",,,
"839","10","2025-03-16 08:53:26.965","650","307",,,
"840","10","2025-03-16 08:53:27.247","562","319",,,
"841","10","2025-03-16 08:53:27.296","537","323",,,
"842","10","2025-03-16 08:53:28.713","528","327",,,
"843","10","2025-03-16 08:53:28.773","487","330",,,
"844","10","2025-03-16 08:53:28.835","427","308",,,
"845","10","2025-03-16 08:53:28.892","409","296",,,
"846","10","2025-03-16 08:53:28.961","405","289",,,
"847","10","2025-03-16 08:53:29.039","407","283",,,
"848","10","2025-03-16 08:53:29.402","399","278",,,
"849","10","2025-03-16 08:53:29.544","376","274",,,
"850","10","2025-03-16 08:53:29.602","310","258",,,
"851","10","2025-03-16 08:53:29.665","174","236",,,
"852","10","2025-03-16 08:53:29.69","382","274",,,
"853","10","2025-03-16 08:53:29.71","125","233",,,
"854","10","2025-03-16 08:53:30.124","200","266",,,
"855","10","2025-03-16 08:53:30.397","540","524",,,
"856","10","2025-03-16 08:53:30.564","600","600",,,
"857","10","2025-03-16 08:53:30.626","599","706",,,
"858","10","2025-03-16 08:53:30.675","595","723",,,
"859","10","2025-03-16 08:53:30.769","589","719",,,
"860","10","2025-03-16 08:53:30.825","564","642",,,
"861","10","2025-03-16 08:53:30.906","560","613",,,
"862","10","2025-03-16 08:53:31.447","592","606",,,
"863","10","2025-03-16 08:53:31.51","1032","677",,,
"864","10","2025-03-16 08:53:31.783","1189","691",,,
"865","10","2025-03-16 08:53:31.834","1350","723",,,
"866","10","2025-03-16 08:53:31.888","1379","738",,,
"867","10","2025-03-16 08:53:32.138","1376","744",,,
"868","10","2025-03-16 08:53:32.205","1370","749",,,
"869","10","2025-03-16 08:53:32.691","1360","754",,,
"870","10","2025-03-16 08:53:32.754","1148","673",,,
"871","10","2025-03-16 08:53:32.813","1026","594",,,
"872","10","2025-03-16 08:53:33.208","996","574",,,
"873","10","2025-03-16 08:53:33.264","936","543",,,
"874","10","2025-03-16 08:53:33.311","912","506",,,
"875","10","2025-03-16 08:53:33.398","899","495",,,
"876","10","2025-03-16 08:53:34.32","914","466",,,
"877","10","2025-03-16 08:53:34.371","1010","252",,,
"878","10","2025-03-16 08:53:34.423","1027","129",,,
"879","10","2025-03-16 08:53:34.506","1036","124",,,
"880","10","2025-03-16 08:53:35.036","1033","113",,,
"881","10","2025-03-16 08:55:15.124","562","27",,,
"882","10","2025-03-16 08:55:15.18","544","78",,,
"883","10","2025-03-16 08:55:15.24","539","152",,,
"884","10","2025-03-16 08:55:20.736","539","194",,,
"885","10","2025-03-16 08:55:20.781","501","399",,,
"886","10","2025-03-16 08:55:20.865","520","508",,,
"887","10","2025-03-16 08:55:21.471","534","546",,,
"888","10","2025-03-16 08:55:21.538","494","524",,,
"889","10","2025-03-16 08:55:21.594","477","514",,,
"890","9","2025-03-16 08:55:29.208","597","4",,,
"891","9","2025-03-16 08:55:30.507","382","332",,,
"892","9","2025-03-16 08:55:31.16","539","41",,,
"893","9","2025-03-16 08:55:31.251","377","104",,,
"894","9","2025-03-16 08:55:31.331","349","117",,,
"895","9","2025-03-16 08:55:31.307","458","70",,,
"896","9","2025-03-16 08:55:31.386","376","289",,,
"897","9","2025-03-16 08:55:31.434","354","172",,,
"898","9","2025-03-16 08:55:32.494","364","599",,,
"899","9","2025-03-16 08:55:32.695","366","492",,,
"900","9","2025-03-16 08:55:32.762","364","607",,,
"901","10","2025-03-16 08:55:35.881","519","527",,,
"902","10","2025-03-16 08:55:35.901","829","640",,,
"903","10","2025-03-16 08:55:35.947","931","636",,,
"904","10","2025-03-16 08:55:36.025","952","633",,,
"905","10","2025-03-16 08:55:36.392","959","634",,,
"906","10","2025-03-16 08:55:36.438","1185","680",,,
"907","10","2025-03-16 08:55:36.712","1399","784",,,
"908","10","2025-03-16 08:55:36.743","1306","697",,,
"909","10","2025-03-16 08:55:36.784","1400","778",,,
"910","10","2025-03-16 08:55:36.798","1399","790",,,
"911","10","2025-03-16 08:55:36.834","1397","766",,,
"912","10","2025-03-16 08:55:37.408","1371","731",,,
"913","10","2025-03-16 08:55:37.471","1210","469",,,
"914","10","2025-03-16 08:55:37.529","1152","357",,,
"915","10","2025-03-16 08:55:38.878","1132","324",,,
"916","9","2025-03-16 08:55:40.933","370","616",,,
"917","9","2025-03-16 08:55:41.006","451","748",,,
"918","9","2025-03-16 08:55:41.06","516","856",,,
"919","9","2025-03-16 08:55:41.115","545","896",,,
"920","9","2025-03-16 08:55:41.385","601","940",,,
"921","9","2025-03-16 08:55:41.185","549","902",,,
"922","9","2025-03-16 08:55:41.438","621","945",,,
"923","9","2025-03-16 08:55:41.238","560","912",,,
"924","9","2025-03-16 08:55:41.336","586","930",,,
"925","9","2025-03-16 08:55:41.611","635","937",,,
"926","9","2025-03-16 08:55:41.558","628","943",,,
"927","9","2025-03-16 08:55:41.824","641","931",,,
"928","10","2025-03-16 08:55:44.645","1140","5",,,
"929","10","2025-03-16 08:55:44.696","920","205",,,
"930","10","2025-03-16 08:55:44.78","885","240",,,
"931","10","2025-03-16 08:55:45.025","871","273",,,
"932","10","2025-03-16 08:55:45.072","828","569",,,
"933","10","2025-03-16 08:55:45.121","864","626",,,
"934","9","2025-03-16 08:55:44.596","646","925",,,
"935","9","2025-03-16 08:55:44.644","715","837",,,
"936","9","2025-03-16 08:55:44.702","762","757",,,
"937","10","2025-03-16 08:55:45.901","855","623",,,
"938","10","2025-03-16 08:55:45.964","730","530",,,
"939","10","2025-03-16 08:55:46.018","689","501",,,
"940","9","2025-03-16 08:55:44.97","769","745",,,
"941","9","2025-03-16 08:55:45.015","797","722",,,
"942","9","2025-03-16 08:55:45.092","816","705",,,
"943","10","2025-03-16 08:55:46.939","711","502",,,
"944","10","2025-03-16 08:55:47.065","1075","590",,,
"945","10","2025-03-16 08:55:47.235","1053","583",,,
"946","9","2025-03-16 08:55:47.074","822","702",,,
"947","9","2025-03-16 08:55:47.134","913","665",,,
"948","10","2025-03-16 08:55:49.695","1111","618",,,
"949","10","2025-03-16 08:55:50.008","1450","783",,,
"950","10","2025-03-16 08:55:50.084","1470","736",,,
"951","10","2025-03-16 08:55:50.198","1464","738",,,
"952","10","2025-03-16 08:55:50.315","1454","753",,,
"953","10","2025-03-16 08:55:50.408","1448","757",,,
"954","10","2025-03-16 08:55:50.464","1460","745",,,
"955","10","2025-03-16 08:55:51.094","1432","744",,,
"956","10","2025-03-16 08:55:51.118","1338","573",,,
"957","10","2025-03-16 08:55:51.159","1320","529",,,
"958","10","2025-03-16 08:55:51.829","1304","523",,,
"959","10","2025-03-16 08:55:51.893","1286","514",,,
"960","10","2025-03-16 08:55:51.782","1319","521",,,
"961","10","2025-03-16 08:55:52.199","1274","508",,,
"962","10","2025-03-16 08:55:52.985","1267","508",,,
"963","10","2025-03-16 08:55:53.038","1225","512",,,
"964","10","2025-03-16 08:55:53.097","1206","511",,,
"965","10","2025-03-16 08:55:53.158","1200","511",,,
"966","9","2025-03-16 08:55:52.203","915","572",,,
"967","9","2025-03-16 08:55:52.483","826","631",,,
"968","9","2025-03-16 08:55:52.582","789","659",,,
"969","9","2025-03-16 08:55:52.925","124","918",,,
"970","9","2025-03-16 08:55:52.926","774","668",,,
"971","9","2025-03-16 08:55:52.975","461","781",,,
"972","9","2025-03-16 08:55:53.041","227","865",,,
"973","9","2025-03-16 08:55:53.092","148","904",,,
"974","9","2025-03-16 08:55:53.231","109","920",,,
"975","9","2025-03-16 08:55:53.257","88","927",,,
"976","9","2025-03-16 08:55:53.337","77","928",,,
"977","9","2025-03-16 08:55:54.132","83","919",,,
"978","9","2025-03-16 08:55:54.204","110","889",,,
"979","9","2025-03-16 08:55:54.241","136","857",,,
"980","9","2025-03-16 08:55:54.312","170","817",,,
"981","9","2025-03-16 08:55:54.375","237","727",,,
"982","9","2025-03-16 08:55:54.425","368","580",,,
"983","9","2025-03-16 08:55:54.487","403","538",,,
"984","9","2025-03-16 08:55:54.557","418","529",,,
"985","9","2025-03-16 08:55:54.674","424","522",,,
"986","9","2025-03-16 08:55:54.856","483","425",,,
"987","9","2025-03-16 08:55:54.931","486","410",,,
"988","9","2025-03-16 08:55:55","490","393",,,
"989","9","2025-03-16 08:55:55","443","486",,,
"990","9","2025-03-16 08:55:55.029","473","448",,,
"991","9","2025-03-16 08:55:55.034","502","367",,,
"992","9","2025-03-16 08:55:55.111","517","349",,,
"993","9","2025-03-16 08:55:55.547","530","338",,,
"994","9","2025-03-16 08:55:55.611","552","361",,,
"995","9","2025-03-16 08:55:55.68","558","369",,,
"996","9","2025-03-16 08:55:55.73","526","373",,,
"997","9","2025-03-16 08:55:55.795","429","328",,,
"998","9","2025-03-16 08:55:55.839","400","276",,,
"999","9","2025-03-16 08:55:55.9","464","215",,,
"1000","9","2025-03-16 08:55:55.964","621","205",,,
"1001","9","2025-03-16 08:55:56.008","723","226",,,
"1002","9","2025-03-16 08:55:56.066","729","226",,,
"1003","9","2025-03-16 08:55:56.121","517","163",,,
"1004","9","2025-03-16 08:55:56.179","291","143",,,
"1005","10","2025-03-16 08:55:57.28","1228","526",,,
"1006","10","2025-03-16 08:55:57.331","1484","660",,,
"1007","9","2025-03-16 08:55:56.255","248","133",,,
"1008","10","2025-03-16 08:55:57.585","1520","680",,,
"1009","10","2025-03-16 08:55:57.635","1655","760",,,
"1010","9","2025-03-16 08:55:56.57","257","137",,,
"1011","10","2025-03-16 08:55:57.705","1677","747",,,
"1012","9","2025-03-16 08:55:56.616","309","160",,,
"1013","10","2025-03-16 08:55:57.755","1678","736",,,
"1014","9","2025-03-16 08:55:56.668","379","191",,,
"1015","10","2025-03-16 08:55:57.81","1669","731",,,
"1016","9","2025-03-16 08:55:56.731","465","278",,,
"1017","9","2025-03-16 08:55:56.799","510","503",,,
"1018","9","2025-03-16 08:55:56.857","514","660",,,
"1019","10","2025-03-16 08:55:57.982","1489","773",,,
"1020","9","2025-03-16 08:55:56.922","514","702",,,
"1021","10","2025-03-16 08:55:58.028","1482","770",,,
"1022","10","2025-03-16 08:55:58.091","1577","735",,,
"1023","9","2025-03-16 08:55:56.999","518","696",,,
"1024","10","2025-03-16 08:55:58.161","1530","755",,,
"1025","9","2025-03-16 08:55:57.065","523","686",,,
"1026","10","2025-03-16 08:55:58.371","1476","766",,,
"1027","10","2025-03-16 08:55:58.822","1462","741",,,
"1028","10","2025-03-16 08:55:58.886","1422","616",,,
"1029","10","2025-03-16 08:55:58.934","1415","589",,,
"1030","10","2025-03-16 08:55:59.991","1384","585",,,
"1031","10","2025-03-16 08:56:00.079","1155","528",,,
"1032","10","2025-03-16 08:56:04.467","1120","513",,,
"1033","10","2025-03-16 08:56:04.535","1107","502",,,
"1034","9","2025-03-16 08:56:03.621","520","671",,,
"1035","9","2025-03-16 08:56:03.669","509","286",,,
"1036","9","2025-03-16 08:56:03.738","560","164",,,
"1037","9","2025-03-16 08:56:03.798","608","259",,,
"1038","9","2025-03-16 08:56:03.859","500","359",,,
"1039","9","2025-03-16 08:56:03.905","387","339",,,
"1040","9","2025-03-16 08:56:03.965","430","248",,,
"1041","10","2025-03-16 08:56:05.091","1048","378",,,
"1042","9","2025-03-16 08:56:04.101","745","343",,,
"1043","9","2025-03-16 08:56:04.151","484","518",,,
"1044","9","2025-03-16 08:56:04.21","268","408",,,
"1045","9","2025-03-16 08:56:04.247","395","89",,,
"1046","9","2025-03-16 08:56:04.253","680","225",,,
"1047","10","2025-03-16 08:57:36.834","862","7",,,
"1048","10","2025-03-16 08:57:36.876","660","42",,,
"1049","10","2025-03-16 08:57:36.906","647","42",,,
"1050","10","2025-03-16 08:57:36.958","646","49",,,
"1051","10","2025-03-16 08:57:37.025","647","417",,,
"1052","10","2025-03-16 08:57:37.079","760","661",,,
"1053","10","2025-03-16 08:57:37.111","894","750",,,
"1054","10","2025-03-16 08:57:42.099","559","322",,,
"1055","10","2025-03-16 08:57:45.484","1105","785",,,
"1056","10","2025-03-16 08:57:45.528","875","563",,,
"1057","10","2025-03-16 08:57:45.874","832","527",,,
"1058","10","2025-03-16 08:57:45.921","672","401",,,
"1059","10","2025-03-16 08:57:46.211","650","365",,,
"1060","10","2025-03-16 08:57:46.242","585","138",,,
"1061","9","2025-03-16 09:00:24.336","432","225",,,
"1062","9","2025-03-16 09:00:24.53","905","87",,,
"1063","9","2025-03-16 09:00:25.204","387","215",,,
"1064","10","2025-03-16 09:01:08.458","1018","29",,,
"1065","10","2025-03-16 09:01:08.469","759","340",,,
"1066","10","2025-03-16 09:01:08.677","782","303",,,
"1067","10","2025-03-16 09:01:40.583","775","338",,,
"1068","10","2025-03-16 09:01:40.642","970","7",,,
"1069","10","2025-03-16 09:01:40.963","962","7",,,
"1070","10","2025-03-16 09:01:41.018","857","207",,,
"1071","10","2025-03-16 09:01:41.098","846","276",,,
"1072","10","2025-03-16 09:01:42.37","836","300",,,
"1073","10","2025-03-16 09:01:42.427","798","234",,,
"1074","10","2025-03-16 09:01:42.439","792","233",,,
"1075","10","2025-03-16 09:01:42.572","720","492",,,
"1076","10","2025-03-16 09:01:42.564","741","310",,,
"1077","10","2025-03-16 09:01:42.947","856","329",,,
"1078","10","2025-03-16 09:01:43.224","1104","809",,,
"1079","10","2025-03-16 09:01:43.77","1198","795",,,
"1080","10","2025-03-16 09:01:43.8","1115","715",,,
"1081","10","2025-03-16 09:01:44.788","779","579",,,
"1082","10","2025-03-16 09:01:45.037","1090","683",,,
"1083","10","2025-03-16 09:01:45.015","1020","763",,,
"1084","10","2025-03-16 09:01:45.898","1020","807",,,
"1085","10","2025-03-16 09:01:45.926","1003","689",,,
"1086","10","2025-03-16 09:01:45.99","1000","666",,,
"1087","10","2025-03-16 09:01:46.056","1000","660",,,
"1088","10","2025-03-16 09:01:46.145","1000","651",,,
"1089","10","2025-03-16 09:01:46.416","996","657",,,
"1090","10","2025-03-16 09:01:46.441","1013","765",,,
"1091","10","2025-03-16 09:01:46.513","1021","803",,,
"1092","10","2025-03-16 09:01:48.717","893","798",,,
"1093","10","2025-03-16 09:02:11.389","891","752",,,
"1094","10","2025-03-16 09:04:12.59","1124","749",,,
"1095","10","2025-03-16 09:04:13.484","881","485",,,
"1096","10","2025-03-16 09:04:13.555","1073","684",,,
"1097","10","2025-03-16 09:04:13.65","1213","749",,,
"1098","10","2025-03-16 09:04:14.104","1232","741",,,
"1099","10","2025-03-16 09:04:14.142","1279","749",,,
"1100","10","2025-03-16 09:04:14.619","1288","750",,,
"1101","10","2025-03-16 09:04:14.705","1322","753",,,
"1102","10","2025-03-16 09:04:14.726","1310","719",,,
"1103","10","2025-03-16 09:04:14.838","1065","580",,,
"1104","10","2025-03-16 09:04:14.908","1056","577",,,
"1105","10","2025-03-16 09:04:15.101","1148","605",,,
"1106","10","2025-03-16 09:04:15.331","1040","569",,,
"1107","10","2025-03-16 09:04:16.267","865","488",,,
"1108","10","2025-03-16 09:04:16.404","860","494",,,
"1109","10","2025-03-16 09:04:16.23","873","476",,,
"1110","10","2025-03-16 09:04:16.527","854","500",,,
"1111","10","2025-03-16 09:04:16.993","903","489",,,
"1112","10","2025-03-16 09:04:17.088","881","476",,,